regressor,regressor_mode,center,coef_lower,coef,coef_upper
n225_ret,additive,0.005804870533124256,0.14801480745164675,0.14801480745164675,0.14801480745164675
