regressor,regressor_mode,center,coef_lower,coef,coef_upper
n225_ret,additive,0.00580487053312425,0.28228437220239083,0.28228437220239083,0.28228437220239083
