regressor,regressor_mode,center,coef_lower,coef,coef_upper
macro_series,additive,85.89012099127608,0.0008929254685225469,0.0008929254685225469,0.0008929254685225469
